{
  "version": 2,
  "builds": [
    {
      "src": "src/pages/**/*.{js,jsx,ts,tsx}",
      "use": "@vercel/next"
    }
  ],
  "routes": [
    { "src": "/api/(.*)", "dest": "src/pages/api/$1.js" },
    { "src": "/(.*)", "dest": "src/pages/$1" }
  ],
  "redirects": [
    {
      "source": "/(.*)",
      "destination": "https://www.buyandsellzim.co.zw/$1",
      "permanent": true
    },
    {
      "source": "/.*",
      "destination": "/",
      "statusCode": 302
    }
  ],
  "env": {
    "FORMSPREE_ENDPOINT": "https://formspree.io/f/mandvjgz",
    "NEXT_PUBLIC_SITE_URL": "https://www.buyandsellzim.co.zw",
    "NEXT_PUBLIC_ECOCASH_KEY": "your-ecocash-key",
    "NEXT_PUBLIC_PAYNOW_KEY": "your-paynow-key"
  }
}